KPI ID,timestamp,value,label
02e99bd4f6cfb33f,1493568000,1.901639342,0
02e99bd4f6cfb33f,1493568060,1.786885262,0
02e99bd4f6cfb33f,1493568120,2.0,0
02e99bd4f6cfb33f,1493568180,1.8852459190000002,0
02e99bd4f6cfb33f,1493568240,1.819672108,0
02e99bd4f6cfb33f,1493568300,1.8852459190000002,0
02e99bd4f6cfb33f,1493568360,1.8852459190000002,0
02e99bd4f6cfb33f,1493568420,1.9344261880000002,0
02e99bd4f6cfb33f,1493568480,1.967213154,0
02e99bd4f6cfb33f,1493568540,1.950819731,0
02e99bd4f6cfb33f,1493568600,1.950819731,0
02e99bd4f6cfb33f,1493568660,1.950819731,0
02e99bd4f6cfb33f,1493568720,1.901639342,0
02e99bd4f6cfb33f,1493568780,1.9344261880000002,0
02e99bd4f6cfb33f,1493568840,1.803278685,0
02e99bd4f6cfb33f,1493568900,1.836065531,0
02e99bd4f6cfb33f,1493568960,1.918032765,0
02e99bd4f6cfb33f,1493569020,2.0491802690000003,0
02e99bd4f6cfb33f,1493569080,1.967213154,0
02e99bd4f6cfb33f,1493569140,2.032786846,0
02e99bd4f6cfb33f,1493569200,2.1803278919999998,0
02e99bd4f6cfb33f,1493569260,1.9344261880000002,0
02e99bd4f6cfb33f,1493569320,1.950819731,0
02e99bd4f6cfb33f,1493569380,1.9344261880000002,0
02e99bd4f6cfb33f,1493569440,1.983606577,0
02e99bd4f6cfb33f,1493569500,2.032786846,0
02e99bd4f6cfb33f,1493569560,2.311475515,0
02e99bd4f6cfb33f,1493569620,2.032786846,0
02e99bd4f6cfb33f,1493569680,1.950819731,0
02e99bd4f6cfb33f,1493569740,2.196721315,0
02e99bd4f6cfb33f,1493569800,2.0,0
02e99bd4f6cfb33f,1493569860,2.409836054,0
02e99bd4f6cfb33f,1493569920,2.327868938,0
02e99bd4f6cfb33f,1493569980,2.081967115,0
02e99bd4f6cfb33f,1493570040,2.131147623,0
02e99bd4f6cfb33f,1493570100,2.163934469,0
02e99bd4f6cfb33f,1493570160,2.1475410459999997,0
02e99bd4f6cfb33f,1493570220,2.163934469,0
02e99bd4f6cfb33f,1493570280,2.1475410459999997,0
02e99bd4f6cfb33f,1493570340,2.245901585,0
02e99bd4f6cfb33f,1493570400,2.065573692,0
02e99bd4f6cfb33f,1493570460,2.0,0
02e99bd4f6cfb33f,1493570520,2.0,0
02e99bd4f6cfb33f,1493570580,2.065573692,0
02e99bd4f6cfb33f,1493570640,1.9344261880000002,0
02e99bd4f6cfb33f,1493570700,2.0,0
02e99bd4f6cfb33f,1493570760,2.245901585,0
02e99bd4f6cfb33f,1493570820,2.245901585,0
02e99bd4f6cfb33f,1493570880,2.1803278919999998,0
02e99bd4f6cfb33f,1493570940,2.262295008,0
02e99bd4f6cfb33f,1493571000,2.4262294769999997,0
02e99bd4f6cfb33f,1493571060,2.0163934230000002,0
02e99bd4f6cfb33f,1493571120,1.967213154,0
02e99bd4f6cfb33f,1493571180,2.0491802690000003,0
02e99bd4f6cfb33f,1493571240,2.295081854,0
02e99bd4f6cfb33f,1493571300,2.245901585,0
02e99bd4f6cfb33f,1493571360,2.2295081619999997,0
02e99bd4f6cfb33f,1493571420,2.196721315,0
02e99bd4f6cfb33f,1493571480,2.5573771,0
02e99bd4f6cfb33f,1493571540,2.5573771,0
02e99bd4f6cfb33f,1493571600,2.475409746,0
02e99bd4f6cfb33f,1493571660,2.4426229,0
02e99bd4f6cfb33f,1493571720,2.3770492080000003,0
02e99bd4f6cfb33f,1493571780,2.344262362,0
02e99bd4f6cfb33f,1493571840,2.098360538,0
02e99bd4f6cfb33f,1493571900,2.065573692,0
02e99bd4f6cfb33f,1493571960,1.983606577,0
02e99bd4f6cfb33f,1493572020,2.0163934230000002,0
02e99bd4f6cfb33f,1493572080,2.0163934230000002,0
02e99bd4f6cfb33f,1493572140,1.983606577,0
02e99bd4f6cfb33f,1493572200,2.327868938,0
02e99bd4f6cfb33f,1493572260,2.4262294769999997,0
02e99bd4f6cfb33f,1493572320,2.245901585,0
02e99bd4f6cfb33f,1493572380,2.1803278919999998,0
02e99bd4f6cfb33f,1493572440,2.196721315,0
02e99bd4f6cfb33f,1493572500,2.131147623,0
02e99bd4f6cfb33f,1493572560,2.098360538,0
02e99bd4f6cfb33f,1493572620,2.278688431,0
02e99bd4f6cfb33f,1493572680,2.508196831,0
02e99bd4f6cfb33f,1493572740,1.983606577,0
02e99bd4f6cfb33f,1493572800,2.0491802690000003,0
02e99bd4f6cfb33f,1493572860,2.393442631,0
02e99bd4f6cfb33f,1493572920,2.5737705230000003,0
02e99bd4f6cfb33f,1493572980,2.344262362,0
02e99bd4f6cfb33f,1493573040,2.1475410459999997,0
02e99bd4f6cfb33f,1493573100,2.4262294769999997,0
02e99bd4f6cfb33f,1493573160,2.245901585,0
02e99bd4f6cfb33f,1493573220,2.311475515,0
02e99bd4f6cfb33f,1493573280,2.393442631,0
02e99bd4f6cfb33f,1493573340,2.196721315,0
02e99bd4f6cfb33f,1493573400,2.131147623,0
02e99bd4f6cfb33f,1493573460,2.4262294769999997,0
02e99bd4f6cfb33f,1493573520,2.754098415,0
02e99bd4f6cfb33f,1493573580,2.7049181460000002,0
02e99bd4f6cfb33f,1493573640,2.5737705230000003,0
02e99bd4f6cfb33f,1493573700,2.491803169,0
02e99bd4f6cfb33f,1493573760,2.459016323,0
02e99bd4f6cfb33f,1493573820,2.311475515,0
02e99bd4f6cfb33f,1493573880,2.5573771,0
02e99bd4f6cfb33f,1493573940,2.606557369,0
02e99bd4f6cfb33f,1493574000,2.327868938,0
02e99bd4f6cfb33f,1493574060,2.1475410459999997,0
02e99bd4f6cfb33f,1493574120,2.196721315,0
02e99bd4f6cfb33f,1493574180,2.393442631,0
02e99bd4f6cfb33f,1493574240,2.672131062,0
02e99bd4f6cfb33f,1493574300,2.7049181460000002,0
02e99bd4f6cfb33f,1493574360,2.508196831,0
02e99bd4f6cfb33f,1493574420,2.459016323,0
02e99bd4f6cfb33f,1493574480,2.754098415,0
02e99bd4f6cfb33f,1493574540,2.491803169,0
02e99bd4f6cfb33f,1493574600,2.1803278919999998,0
02e99bd4f6cfb33f,1493574660,2.278688431,0
02e99bd4f6cfb33f,1493574720,2.508196831,0
02e99bd4f6cfb33f,1493574780,2.737704992,0
02e99bd4f6cfb33f,1493574840,2.5737705230000003,0
02e99bd4f6cfb33f,1493574900,2.4426229,0
02e99bd4f6cfb33f,1493574960,2.688524485,0
02e99bd4f6cfb33f,1493575020,2.7049181460000002,0
02e99bd4f6cfb33f,1493575080,2.852458954,0
02e99bd4f6cfb33f,1493575140,2.7704918380000003,0
02e99bd4f6cfb33f,1493575200,2.836065531,0
02e99bd4f6cfb33f,1493575260,2.852458954,0
02e99bd4f6cfb33f,1493575320,2.737704992,0
02e99bd4f6cfb33f,1493575380,2.6229507919999997,0
02e99bd4f6cfb33f,1493575440,2.508196831,0
02e99bd4f6cfb33f,1493575500,2.524590254,0
02e99bd4f6cfb33f,1493575560,2.7213115689999996,0
02e99bd4f6cfb33f,1493575620,2.606557369,0
02e99bd4f6cfb33f,1493575680,2.639344215,0
02e99bd4f6cfb33f,1493575740,2.7213115689999996,0
02e99bd4f6cfb33f,1493575800,2.688524485,0
02e99bd4f6cfb33f,1493575860,2.491803169,0
02e99bd4f6cfb33f,1493575920,2.688524485,0
02e99bd4f6cfb33f,1493575980,2.688524485,0
02e99bd4f6cfb33f,1493576040,2.639344215,0
02e99bd4f6cfb33f,1493576100,2.737704992,0
02e99bd4f6cfb33f,1493576160,2.950819731,0
02e99bd4f6cfb33f,1493576220,2.688524485,0
02e99bd4f6cfb33f,1493576280,2.4262294769999997,0
02e99bd4f6cfb33f,1493576340,2.6229507919999997,0
02e99bd4f6cfb33f,1493576400,2.639344215,0
02e99bd4f6cfb33f,1493576460,2.3770492080000003,0
02e99bd4f6cfb33f,1493576520,2.360655785,0
02e99bd4f6cfb33f,1493576580,2.262295008,0
02e99bd4f6cfb33f,1493576640,2.098360538,0
02e99bd4f6cfb33f,1493576700,2.508196831,0
02e99bd4f6cfb33f,1493576760,2.754098415,0
02e99bd4f6cfb33f,1493576820,2.7049181460000002,0
02e99bd4f6cfb33f,1493576880,2.688524485,0
02e99bd4f6cfb33f,1493576940,2.590163946,0
02e99bd4f6cfb33f,1493577000,2.672131062,0
02e99bd4f6cfb33f,1493577060,2.5737705230000003,0
02e99bd4f6cfb33f,1493577120,2.393442631,0
02e99bd4f6cfb33f,1493577180,2.3770492080000003,0
02e99bd4f6cfb33f,1493577240,2.311475515,0
02e99bd4f6cfb33f,1493577300,2.344262362,0
02e99bd4f6cfb33f,1493577360,2.4426229,0
02e99bd4f6cfb33f,1493577420,2.5573771,0
02e99bd4f6cfb33f,1493577480,2.737704992,0
02e99bd4f6cfb33f,1493577540,2.524590254,0
02e99bd4f6cfb33f,1493577600,2.639344215,0
02e99bd4f6cfb33f,1493577660,2.7049181460000002,0
02e99bd4f6cfb33f,1493577720,2.4426229,0
02e99bd4f6cfb33f,1493577780,2.3770492080000003,0
02e99bd4f6cfb33f,1493577840,2.3770492080000003,0
02e99bd4f6cfb33f,1493577900,2.508196831,0
02e99bd4f6cfb33f,1493577960,2.590163946,0
02e99bd4f6cfb33f,1493578020,2.950819731,0
02e99bd4f6cfb33f,1493578080,2.836065531,0
02e99bd4f6cfb33f,1493578140,2.524590254,0
02e99bd4f6cfb33f,1493578200,2.540983677,0
02e99bd4f6cfb33f,1493578260,2.688524485,0
02e99bd4f6cfb33f,1493578320,2.758620739,0
02e99bd4f6cfb33f,1493578380,2.783333302,0
02e99bd4f6cfb33f,1493578440,2.799999952,0
02e99bd4f6cfb33f,1493578500,2.849999905,0
02e99bd4f6cfb33f,1493578560,2.8196721080000002,0
02e99bd4f6cfb33f,1493578620,2.7068965439999997,0
02e99bd4f6cfb33f,1493578680,2.7868852619999998,0
02e99bd4f6cfb33f,1493578740,2.409836054,0
02e99bd4f6cfb33f,1493578800,2.5737705230000003,0
02e99bd4f6cfb33f,1493578860,2.508196831,0
02e99bd4f6cfb33f,1493578920,2.524590254,0
02e99bd4f6cfb33f,1493578980,2.393442631,0
02e99bd4f6cfb33f,1493579040,2.672131062,0
02e99bd4f6cfb33f,1493579100,2.8852458,0
02e99bd4f6cfb33f,1493579160,2.950819731,0
02e99bd4f6cfb33f,1493579220,2.694915295,0
02e99bd4f6cfb33f,1493579280,2.672131062,0
02e99bd4f6cfb33f,1493579340,2.672131062,0
02e99bd4f6cfb33f,1493579400,2.5737705230000003,0
02e99bd4f6cfb33f,1493579460,2.7213115689999996,0
02e99bd4f6cfb33f,1493579520,2.754098415,0
02e99bd4f6cfb33f,1493579580,2.737704992,0
02e99bd4f6cfb33f,1493579640,2.7704918380000003,0
02e99bd4f6cfb33f,1493579700,2.852458954,0
02e99bd4f6cfb33f,1493579760,2.655737638,0
02e99bd4f6cfb33f,1493579820,2.688524485,0
02e99bd4f6cfb33f,1493579880,2.803278685,0
02e99bd4f6cfb33f,1493579940,2.836065531,0
02e99bd4f6cfb33f,1493580000,2.540983677,0
02e99bd4f6cfb33f,1493580060,2.508196831,0
02e99bd4f6cfb33f,1493580120,2.524590254,0
02e99bd4f6cfb33f,1493580180,2.7049181460000002,0
02e99bd4f6cfb33f,1493580240,2.754098415,0
02e99bd4f6cfb33f,1493580300,2.639344215,0
02e99bd4f6cfb33f,1493580360,2.737704992,0
02e99bd4f6cfb33f,1493580420,2.803278685,0
02e99bd4f6cfb33f,1493580480,2.7868852619999998,0
02e99bd4f6cfb33f,1493580540,2.540983677,0
02e99bd4f6cfb33f,1493580600,2.3770492080000003,0
02e99bd4f6cfb33f,1493580660,2.311475515,0
02e99bd4f6cfb33f,1493580720,2.606557369,0
02e99bd4f6cfb33f,1493580780,2.459016323,0
02e99bd4f6cfb33f,1493580840,2.491803169,0
02e99bd4f6cfb33f,1493580900,2.245901585,0
02e99bd4f6cfb33f,1493580960,2.508196831,0
02e99bd4f6cfb33f,1493581020,2.475409746,0
02e99bd4f6cfb33f,1493581080,2.344262362,0
02e99bd4f6cfb33f,1493581140,2.6229507919999997,0
02e99bd4f6cfb33f,1493581200,2.344262362,0
02e99bd4f6cfb33f,1493581260,2.475409746,0
02e99bd4f6cfb33f,1493581320,2.655737638,0
02e99bd4f6cfb33f,1493581380,2.803278685,0
02e99bd4f6cfb33f,1493581440,2.7868852619999998,0
02e99bd4f6cfb33f,1493581500,2.737704992,0
02e99bd4f6cfb33f,1493581560,2.590163946,0
02e99bd4f6cfb33f,1493581620,2.262295008,0
02e99bd4f6cfb33f,1493581680,2.0163934230000002,0
02e99bd4f6cfb33f,1493581740,2.295081854,0
02e99bd4f6cfb33f,1493581800,2.196721315,0
02e99bd4f6cfb33f,1493581860,2.245901585,0
02e99bd4f6cfb33f,1493581920,2.4262294769999997,0
02e99bd4f6cfb33f,1493581980,2.540983677,0
02e99bd4f6cfb33f,1493582040,2.5737705230000003,0
02e99bd4f6cfb33f,1493582100,2.4262294769999997,0
02e99bd4f6cfb33f,1493582160,2.4426229,0
02e99bd4f6cfb33f,1493582220,2.360655785,0
02e99bd4f6cfb33f,1493582280,2.2131147380000002,0
02e99bd4f6cfb33f,1493582340,2.2295081619999997,0
02e99bd4f6cfb33f,1493582400,2.360655785,0
02e99bd4f6cfb33f,1493582460,2.360655785,0
02e99bd4f6cfb33f,1493582520,2.7213115689999996,0
02e99bd4f6cfb33f,1493582580,2.7868852619999998,0
02e99bd4f6cfb33f,1493582640,2.409836054,0
02e99bd4f6cfb33f,1493582700,2.1803278919999998,0
02e99bd4f6cfb33f,1493582760,2.278688431,0
02e99bd4f6cfb33f,1493582820,2.098360538,0
02e99bd4f6cfb33f,1493582880,2.409836054,0
02e99bd4f6cfb33f,1493582940,2.295081854,0
02e99bd4f6cfb33f,1493583000,2.540983677,0
02e99bd4f6cfb33f,1493583060,2.754098415,0
02e99bd4f6cfb33f,1493583120,2.7704918380000003,0
02e99bd4f6cfb33f,1493583180,2.540983677,0
02e99bd4f6cfb33f,1493583240,2.295081854,0
02e99bd4f6cfb33f,1493583300,2.311475515,0
02e99bd4f6cfb33f,1493583360,2.475409746,0
02e99bd4f6cfb33f,1493583420,2.7049181460000002,0
02e99bd4f6cfb33f,1493583480,2.7704918380000003,0
02e99bd4f6cfb33f,1493583540,2.278688431,0
02e99bd4f6cfb33f,1493583600,2.393442631,0
02e99bd4f6cfb33f,1493583660,2.4426229,0
02e99bd4f6cfb33f,1493583720,2.295081854,0
02e99bd4f6cfb33f,1493583780,2.163934469,0
02e99bd4f6cfb33f,1493583840,2.1147542,0
02e99bd4f6cfb33f,1493583900,2.131147623,0
02e99bd4f6cfb33f,1493583960,2.196721315,0
02e99bd4f6cfb33f,1493584020,2.4262294769999997,0
02e99bd4f6cfb33f,1493584080,2.360655785,0
02e99bd4f6cfb33f,1493584140,2.4426229,0
02e99bd4f6cfb33f,1493584200,2.5737705230000003,0
02e99bd4f6cfb33f,1493584260,2.803278685,0
02e99bd4f6cfb33f,1493584320,2.672131062,0
02e99bd4f6cfb33f,1493584380,2.540983677,0
02e99bd4f6cfb33f,1493584440,2.360655785,0
02e99bd4f6cfb33f,1493584500,2.196721315,0
02e99bd4f6cfb33f,1493584560,2.1803278919999998,0
02e99bd4f6cfb33f,1493584620,1.983606577,0
02e99bd4f6cfb33f,1493584680,2.2295081619999997,0
02e99bd4f6cfb33f,1493584740,2.163934469,0
02e99bd4f6cfb33f,1493584800,2.098360538,0
02e99bd4f6cfb33f,1493584860,2.278688431,0
02e99bd4f6cfb33f,1493584920,2.065573692,0
02e99bd4f6cfb33f,1493584980,2.1475410459999997,0
02e99bd4f6cfb33f,1493585040,2.2131147380000002,0
02e99bd4f6cfb33f,1493585100,2.196721315,0
02e99bd4f6cfb33f,1493585160,2.393442631,0
02e99bd4f6cfb33f,1493585220,2.295081854,0
02e99bd4f6cfb33f,1493585280,2.344262362,0
02e99bd4f6cfb33f,1493585340,2.098360538,0
02e99bd4f6cfb33f,1493585400,2.081967115,0
02e99bd4f6cfb33f,1493585460,2.0163934230000002,0
02e99bd4f6cfb33f,1493585520,2.327868938,0
02e99bd4f6cfb33f,1493585580,2.5737705230000003,0
02e99bd4f6cfb33f,1493585640,2.393442631,0
02e99bd4f6cfb33f,1493585700,2.393442631,0
02e99bd4f6cfb33f,1493585760,2.540983677,0
02e99bd4f6cfb33f,1493585820,2.590163946,0
02e99bd4f6cfb33f,1493585880,2.524590254,0
02e99bd4f6cfb33f,1493585940,2.4262294769999997,0
02e99bd4f6cfb33f,1493586000,2.475409746,0
02e99bd4f6cfb33f,1493586060,2.311475515,0
02e99bd4f6cfb33f,1493586120,2.2131147380000002,0
02e99bd4f6cfb33f,1493586180,2.327868938,0
02e99bd4f6cfb33f,1493586240,2.4426229,0
02e99bd4f6cfb33f,1493586300,2.262295008,0
02e99bd4f6cfb33f,1493586360,2.491803169,0
02e99bd4f6cfb33f,1493586420,2.4262294769999997,0
02e99bd4f6cfb33f,1493586480,2.393442631,0
02e99bd4f6cfb33f,1493586540,2.344262362,0
02e99bd4f6cfb33f,1493586600,2.278688431,0
02e99bd4f6cfb33f,1493586660,2.131147623,0
02e99bd4f6cfb33f,1493586720,2.2131147380000002,0
02e99bd4f6cfb33f,1493586780,2.409836054,0
02e99bd4f6cfb33f,1493586840,2.475409746,0
02e99bd4f6cfb33f,1493586900,2.524590254,0
02e99bd4f6cfb33f,1493586960,2.590163946,0
02e99bd4f6cfb33f,1493587020,2.590163946,0
02e99bd4f6cfb33f,1493587080,2.6229507919999997,0
02e99bd4f6cfb33f,1493587140,2.639344215,0
02e99bd4f6cfb33f,1493587200,2.295081854,0
02e99bd4f6cfb33f,1493587260,1.983606577,0
02e99bd4f6cfb33f,1493587320,2.1147542,0
02e99bd4f6cfb33f,1493587380,1.9344261880000002,0
02e99bd4f6cfb33f,1493587440,2.098360538,0
02e99bd4f6cfb33f,1493587500,2.327868938,0
02e99bd4f6cfb33f,1493587560,2.508196831,0
02e99bd4f6cfb33f,1493587620,2.311475515,0
02e99bd4f6cfb33f,1493587680,2.491803169,0
02e99bd4f6cfb33f,1493587740,2.344262362,0
02e99bd4f6cfb33f,1493587800,2.245901585,0
02e99bd4f6cfb33f,1493587860,2.491803169,0
02e99bd4f6cfb33f,1493587920,2.163934469,0
02e99bd4f6cfb33f,1493587980,2.393442631,0
02e99bd4f6cfb33f,1493588040,2.262295008,0
02e99bd4f6cfb33f,1493588100,2.278688431,0
02e99bd4f6cfb33f,1493588160,1.967213154,0
02e99bd4f6cfb33f,1493588220,2.0,0
02e99bd4f6cfb33f,1493588280,2.163934469,0
02e99bd4f6cfb33f,1493588340,2.098360538,0
02e99bd4f6cfb33f,1493588400,2.393442631,0
02e99bd4f6cfb33f,1493588460,2.245901585,0
02e99bd4f6cfb33f,1493588520,2.163934469,0
02e99bd4f6cfb33f,1493588580,2.295081854,0
02e99bd4f6cfb33f,1493588640,2.639344215,0
02e99bd4f6cfb33f,1493588700,2.278688431,0
02e99bd4f6cfb33f,1493588760,2.1475410459999997,0
02e99bd4f6cfb33f,1493588820,2.1803278919999998,0
02e99bd4f6cfb33f,1493588880,2.163934469,0
02e99bd4f6cfb33f,1493588940,2.0,0
02e99bd4f6cfb33f,1493589000,2.081967115,0
02e99bd4f6cfb33f,1493589060,2.409836054,0
02e99bd4f6cfb33f,1493589120,2.245901585,0
02e99bd4f6cfb33f,1493589180,2.393442631,0
02e99bd4f6cfb33f,1493589240,2.4262294769999997,0
02e99bd4f6cfb33f,1493589300,2.3770492080000003,0
02e99bd4f6cfb33f,1493589360,2.311475515,0
02e99bd4f6cfb33f,1493589420,2.2295081619999997,0
02e99bd4f6cfb33f,1493589480,2.065573692,0
02e99bd4f6cfb33f,1493589540,2.245901585,0
02e99bd4f6cfb33f,1493589600,2.540983677,0
02e99bd4f6cfb33f,1493589660,2.5737705230000003,0
02e99bd4f6cfb33f,1493589720,2.7704918380000003,0
02e99bd4f6cfb33f,1493589780,2.475409746,0
02e99bd4f6cfb33f,1493589840,2.540983677,0
02e99bd4f6cfb33f,1493589900,2.5,0
02e99bd4f6cfb33f,1493589960,2.4426229,0
02e99bd4f6cfb33f,1493590020,2.590163946,0
02e99bd4f6cfb33f,1493590080,2.606557369,0
02e99bd4f6cfb33f,1493590140,2.491803169,0
02e99bd4f6cfb33f,1493590200,2.295081854,0
02e99bd4f6cfb33f,1493590260,2.590163946,0
02e99bd4f6cfb33f,1493590320,2.5573771,0
02e99bd4f6cfb33f,1493590380,2.327868938,0
02e99bd4f6cfb33f,1493590440,2.4426229,0
02e99bd4f6cfb33f,1493590500,2.524590254,0
02e99bd4f6cfb33f,1493590560,2.327868938,0
02e99bd4f6cfb33f,1493590620,2.6229507919999997,0
02e99bd4f6cfb33f,1493590680,2.836065531,0
02e99bd4f6cfb33f,1493590740,2.836065531,0
02e99bd4f6cfb33f,1493590800,2.508196831,0
02e99bd4f6cfb33f,1493590860,2.393442631,0
02e99bd4f6cfb33f,1493590920,2.0163934230000002,0
02e99bd4f6cfb33f,1493590980,2.0491802690000003,0
02e99bd4f6cfb33f,1493591040,2.0491802690000003,0
02e99bd4f6cfb33f,1493591100,2.295081854,0
02e99bd4f6cfb33f,1493591160,2.344262362,0
02e99bd4f6cfb33f,1493591220,2.524590254,0
02e99bd4f6cfb33f,1493591280,2.4426229,0
02e99bd4f6cfb33f,1493591340,2.295081854,0
02e99bd4f6cfb33f,1493591400,2.360655785,0
02e99bd4f6cfb33f,1493591460,2.5573771,0
02e99bd4f6cfb33f,1493591520,2.5737705230000003,0
02e99bd4f6cfb33f,1493591580,2.409836054,0
02e99bd4f6cfb33f,1493591640,2.360655785,0
02e99bd4f6cfb33f,1493591700,2.4262294769999997,0
02e99bd4f6cfb33f,1493591760,2.344262362,0
02e99bd4f6cfb33f,1493591820,2.409836054,0
02e99bd4f6cfb33f,1493591880,2.295081854,0
02e99bd4f6cfb33f,1493591940,2.0163934230000002,0
02e99bd4f6cfb33f,1493592000,2.196721315,0
02e99bd4f6cfb33f,1493592060,2.4262294769999997,0
02e99bd4f6cfb33f,1493592120,2.8852458,0
02e99bd4f6cfb33f,1493592180,2.7213115689999996,0
02e99bd4f6cfb33f,1493592240,2.754098415,0
02e99bd4f6cfb33f,1493592300,2.737704992,0
02e99bd4f6cfb33f,1493592360,2.524590254,0
02e99bd4f6cfb33f,1493592420,2.1147542,0
02e99bd4f6cfb33f,1493592480,2.032786846,0
02e99bd4f6cfb33f,1493592540,2.360655785,0
02e99bd4f6cfb33f,1493592600,2.2295081619999997,0
02e99bd4f6cfb33f,1493592660,2.2131147380000002,0
02e99bd4f6cfb33f,1493592720,2.2131147380000002,0
02e99bd4f6cfb33f,1493592780,2.6229507919999997,0
02e99bd4f6cfb33f,1493592840,2.5573771,0
02e99bd4f6cfb33f,1493592900,2.524590254,0
02e99bd4f6cfb33f,1493592960,2.6229507919999997,0
02e99bd4f6cfb33f,1493593020,2.590163946,0
02e99bd4f6cfb33f,1493593080,2.7213115689999996,0
02e99bd4f6cfb33f,1493593140,2.688524485,0
02e99bd4f6cfb33f,1493593200,2.7704918380000003,0
02e99bd4f6cfb33f,1493593260,2.5573771,0
02e99bd4f6cfb33f,1493593320,2.311475515,0
02e99bd4f6cfb33f,1493593380,2.311475515,0
02e99bd4f6cfb33f,1493593440,2.1475410459999997,0
02e99bd4f6cfb33f,1493593500,2.245901585,0
02e99bd4f6cfb33f,1493593560,2.590163946,0
02e99bd4f6cfb33f,1493593620,2.5737705230000003,0
02e99bd4f6cfb33f,1493593680,2.1803278919999998,0
02e99bd4f6cfb33f,1493593740,2.1475410459999997,0
02e99bd4f6cfb33f,1493593800,2.327868938,0
02e99bd4f6cfb33f,1493593860,2.491803169,0
02e99bd4f6cfb33f,1493593920,2.655737638,0
02e99bd4f6cfb33f,1493593980,2.366666555,0
02e99bd4f6cfb33f,1493594040,2.295081854,0
02e99bd4f6cfb33f,1493594100,2.032786846,0
02e99bd4f6cfb33f,1493594160,2.311475515,0
02e99bd4f6cfb33f,1493594220,2.245901585,0
02e99bd4f6cfb33f,1493594280,2.1475410459999997,0
02e99bd4f6cfb33f,1493594340,2.032786846,0
02e99bd4f6cfb33f,1493594400,2.196721315,0
02e99bd4f6cfb33f,1493594460,2.245901585,0
02e99bd4f6cfb33f,1493594520,2.327868938,0
02e99bd4f6cfb33f,1493594580,2.196721315,0
02e99bd4f6cfb33f,1493594640,2.1803278919999998,0
02e99bd4f6cfb33f,1493594700,2.393442631,0
02e99bd4f6cfb33f,1493594760,2.6229507919999997,0
02e99bd4f6cfb33f,1493594820,2.688524485,0
02e99bd4f6cfb33f,1493594880,2.7704918380000003,0
02e99bd4f6cfb33f,1493594940,2.5737705230000003,0
02e99bd4f6cfb33f,1493595000,2.6229507919999997,0
02e99bd4f6cfb33f,1493595060,2.245901585,0
02e99bd4f6cfb33f,1493595120,2.393442631,0
02e99bd4f6cfb33f,1493595180,2.459016323,0
02e99bd4f6cfb33f,1493595240,2.327868938,0
02e99bd4f6cfb33f,1493595300,2.295081854,0
02e99bd4f6cfb33f,1493595360,2.2295081619999997,0
02e99bd4f6cfb33f,1493595420,2.262295008,0
02e99bd4f6cfb33f,1493595480,2.393442631,0
02e99bd4f6cfb33f,1493595540,2.278688431,0
02e99bd4f6cfb33f,1493595600,2.311475515,0
02e99bd4f6cfb33f,1493595660,2.131147623,0
02e99bd4f6cfb33f,1493595720,2.2131147380000002,0
02e99bd4f6cfb33f,1493595780,2.163934469,0
02e99bd4f6cfb33f,1493595840,2.409836054,0
02e99bd4f6cfb33f,1493595900,2.459016323,0
02e99bd4f6cfb33f,1493595960,2.393442631,0
02e99bd4f6cfb33f,1493596020,2.3770492080000003,0
02e99bd4f6cfb33f,1493596080,2.639344215,0
02e99bd4f6cfb33f,1493596140,2.6229507919999997,0
02e99bd4f6cfb33f,1493596200,2.5737705230000003,0
02e99bd4f6cfb33f,1493596260,2.4262294769999997,0
02e99bd4f6cfb33f,1493596320,2.344262362,0
02e99bd4f6cfb33f,1493596380,2.5573771,0
02e99bd4f6cfb33f,1493596440,2.688524485,0
02e99bd4f6cfb33f,1493596500,2.8793103689999997,0
02e99bd4f6cfb33f,1493596560,2.910714388,0
02e99bd4f6cfb33f,1493596620,2.525423765,0
02e99bd4f6cfb33f,1493596680,2.400000095,0
02e99bd4f6cfb33f,1493596740,2.4426229,0
02e99bd4f6cfb33f,1493596800,2.524590254,0
02e99bd4f6cfb33f,1493596860,2.216666698,0
02e99bd4f6cfb33f,1493596920,1.929824591,0
02e99bd4f6cfb33f,1493596980,2.241379261,0
02e99bd4f6cfb33f,1493597040,2.459016323,0
02e99bd4f6cfb33f,1493597100,2.491803169,0
02e99bd4f6cfb33f,1493597160,2.393442631,0
02e99bd4f6cfb33f,1493597220,2.590163946,0
02e99bd4f6cfb33f,1493597280,2.6229507919999997,0
02e99bd4f6cfb33f,1493597340,2.590163946,0
02e99bd4f6cfb33f,1493597400,2.967213154,0
02e99bd4f6cfb33f,1493597460,2.836065531,0
02e99bd4f6cfb33f,1493597520,2.901639462,0
02e99bd4f6cfb33f,1493597580,2.934426308,0
02e99bd4f6cfb33f,1493597640,2.901639462,0
02e99bd4f6cfb33f,1493597700,2.8852458,0
02e99bd4f6cfb33f,1493597760,2.672131062,0
02e99bd4f6cfb33f,1493597820,2.278688431,0
02e99bd4f6cfb33f,1493597880,2.344262362,0
02e99bd4f6cfb33f,1493597940,2.262295008,0
02e99bd4f6cfb33f,1493598000,2.278688431,0
02e99bd4f6cfb33f,1493598060,2.508196831,0
02e99bd4f6cfb33f,1493598120,2.7049181460000002,0
02e99bd4f6cfb33f,1493598180,2.868852377,0
02e99bd4f6cfb33f,1493598240,2.688524485,0
02e99bd4f6cfb33f,1493598300,2.491803169,0
02e99bd4f6cfb33f,1493598360,2.6229507919999997,0
02e99bd4f6cfb33f,1493598420,2.639344215,0
02e99bd4f6cfb33f,1493598480,2.540983677,0
02e99bd4f6cfb33f,1493598540,2.672131062,0
02e99bd4f6cfb33f,1493598600,2.8196721080000002,0
02e99bd4f6cfb33f,1493598660,2.508196831,0
02e99bd4f6cfb33f,1493598720,2.5737705230000003,0
02e99bd4f6cfb33f,1493598780,2.7868852619999998,0
02e99bd4f6cfb33f,1493598840,2.639344215,0
02e99bd4f6cfb33f,1493598900,2.7704918380000003,0
02e99bd4f6cfb33f,1493598960,2.655737638,0
02e99bd4f6cfb33f,1493599020,2.803278685,0
02e99bd4f6cfb33f,1493599080,2.688524485,0
02e99bd4f6cfb33f,1493599140,2.7704918380000003,0
02e99bd4f6cfb33f,1493599200,2.901639462,0
02e99bd4f6cfb33f,1493599260,2.606557369,0
02e99bd4f6cfb33f,1493599320,2.7049181460000002,0
02e99bd4f6cfb33f,1493599380,2.409836054,0
02e99bd4f6cfb33f,1493599440,2.5573771,0
02e99bd4f6cfb33f,1493599500,2.5737705230000003,0
02e99bd4f6cfb33f,1493599560,2.475409746,0
02e99bd4f6cfb33f,1493599620,2.409836054,0
02e99bd4f6cfb33f,1493599680,2.409836054,0
02e99bd4f6cfb33f,1493599740,2.393442631,0
02e99bd4f6cfb33f,1493599800,2.508196831,0
02e99bd4f6cfb33f,1493599860,2.540983677,0
02e99bd4f6cfb33f,1493599920,2.639344215,0
02e99bd4f6cfb33f,1493599980,2.606557369,0
02e99bd4f6cfb33f,1493600040,2.4262294769999997,0
02e99bd4f6cfb33f,1493600100,2.4262294769999997,0
02e99bd4f6cfb33f,1493600160,2.4262294769999997,0
02e99bd4f6cfb33f,1493600220,2.590163946,0
02e99bd4f6cfb33f,1493600280,2.754098415,0
02e99bd4f6cfb33f,1493600340,2.475409746,0
02e99bd4f6cfb33f,1493600400,2.6229507919999997,0
02e99bd4f6cfb33f,1493600460,2.901639462,0
02e99bd4f6cfb33f,1493600520,2.7049181460000002,0
02e99bd4f6cfb33f,1493600580,2.639344215,0
02e99bd4f6cfb33f,1493600640,2.639344215,0
02e99bd4f6cfb33f,1493600700,2.852458954,0
02e99bd4f6cfb33f,1493600760,3.0,0
02e99bd4f6cfb33f,1493600820,2.754098415,0
02e99bd4f6cfb33f,1493600880,2.590163946,0
02e99bd4f6cfb33f,1493600940,2.688524485,0
02e99bd4f6cfb33f,1493601000,2.901639462,0
02e99bd4f6cfb33f,1493601060,2.7213115689999996,0
02e99bd4f6cfb33f,1493601120,2.590163946,0
02e99bd4f6cfb33f,1493601180,2.852458954,0
02e99bd4f6cfb33f,1493601240,2.6229507919999997,0
02e99bd4f6cfb33f,1493601300,2.737704992,0
02e99bd4f6cfb33f,1493601360,2.8852458,0
02e99bd4f6cfb33f,1493601420,2.8852458,0
02e99bd4f6cfb33f,1493601480,2.655737638,0
02e99bd4f6cfb33f,1493601540,2.5737705230000003,0
02e99bd4f6cfb33f,1493601600,2.491803169,0
02e99bd4f6cfb33f,1493601660,2.737704992,0
02e99bd4f6cfb33f,1493601720,2.639344215,0
02e99bd4f6cfb33f,1493601780,2.6229507919999997,0
02e99bd4f6cfb33f,1493601840,2.672131062,0
02e99bd4f6cfb33f,1493601900,2.803278685,0
02e99bd4f6cfb33f,1493601960,2.7704918380000003,0
02e99bd4f6cfb33f,1493602020,2.754098415,0
02e99bd4f6cfb33f,1493602080,2.8852458,0
02e99bd4f6cfb33f,1493602140,2.967213154,0
02e99bd4f6cfb33f,1493602200,2.901639462,0
02e99bd4f6cfb33f,1493602260,2.737704992,0
02e99bd4f6cfb33f,1493602320,2.606557369,0
02e99bd4f6cfb33f,1493602380,2.7704918380000003,0
02e99bd4f6cfb33f,1493602440,2.8196721080000002,0
02e99bd4f6cfb33f,1493602500,2.918032885,0
02e99bd4f6cfb33f,1493602560,2.901639462,0
02e99bd4f6cfb33f,1493602620,2.836065531,0
02e99bd4f6cfb33f,1493602680,2.783333302,0
02e99bd4f6cfb33f,1493602740,2.803278685,0
02e99bd4f6cfb33f,1493602800,2.8852458,0
02e99bd4f6cfb33f,1493602860,2.7049181460000002,0
02e99bd4f6cfb33f,1493602920,2.688524485,0
02e99bd4f6cfb33f,1493602980,2.901639462,0
02e99bd4f6cfb33f,1493603040,2.901639462,0
02e99bd4f6cfb33f,1493603100,2.852458954,0
02e99bd4f6cfb33f,1493603160,2.934426308,0
02e99bd4f6cfb33f,1493603220,2.803278685,0
02e99bd4f6cfb33f,1493603280,2.868852377,0
02e99bd4f6cfb33f,1493603340,2.803278685,0
02e99bd4f6cfb33f,1493603400,2.7704918380000003,0
02e99bd4f6cfb33f,1493603460,2.950819731,0
02e99bd4f6cfb33f,1493603520,2.7213115689999996,0
02e99bd4f6cfb33f,1493603580,2.5737705230000003,0
02e99bd4f6cfb33f,1493603640,2.754098415,0
02e99bd4f6cfb33f,1493603700,2.836065531,0
02e99bd4f6cfb33f,1493603760,2.7049181460000002,0
02e99bd4f6cfb33f,1493603820,2.639344215,0
02e99bd4f6cfb33f,1493603880,2.508196831,0
02e99bd4f6cfb33f,1493603940,2.524590254,0
02e99bd4f6cfb33f,1493604000,2.4262294769999997,0
02e99bd4f6cfb33f,1493604060,2.6229507919999997,0
02e99bd4f6cfb33f,1493604120,2.7868852619999998,0
02e99bd4f6cfb33f,1493604180,2.9836065769999998,0
02e99bd4f6cfb33f,1493604240,2.8852458,0
02e99bd4f6cfb33f,1493604300,2.672131062,0
02e99bd4f6cfb33f,1493604360,2.7868852619999998,0
02e99bd4f6cfb33f,1493604420,2.852458954,0
02e99bd4f6cfb33f,1493604480,2.737704992,0
02e99bd4f6cfb33f,1493604540,2.754098415,0
02e99bd4f6cfb33f,1493604600,2.803278685,0
02e99bd4f6cfb33f,1493604660,2.6229507919999997,0
02e99bd4f6cfb33f,1493604720,2.7049181460000002,0
02e99bd4f6cfb33f,1493604780,2.967213154,0
02e99bd4f6cfb33f,1493604840,2.754098415,0
02e99bd4f6cfb33f,1493604900,2.7049181460000002,0
02e99bd4f6cfb33f,1493604960,2.836065531,0
02e99bd4f6cfb33f,1493605020,2.836065531,0
02e99bd4f6cfb33f,1493605080,2.967213154,0
02e99bd4f6cfb33f,1493605140,2.901639462,0
02e99bd4f6cfb33f,1493605200,2.737704992,0
02e99bd4f6cfb33f,1493605260,2.852458954,0
02e99bd4f6cfb33f,1493605320,2.8196721080000002,0
02e99bd4f6cfb33f,1493605380,2.901639462,0
02e99bd4f6cfb33f,1493605440,2.918032885,0
02e99bd4f6cfb33f,1493605500,2.8852458,0
02e99bd4f6cfb33f,1493605560,2.7868852619999998,0
02e99bd4f6cfb33f,1493605620,2.655737638,0
02e99bd4f6cfb33f,1493605680,2.934426308,0
02e99bd4f6cfb33f,1493605740,3.098360538,0
02e99bd4f6cfb33f,1493605800,3.131147623,0
02e99bd4f6cfb33f,1493605860,2.918032885,0
02e99bd4f6cfb33f,1493605920,2.803278685,0
02e99bd4f6cfb33f,1493605980,2.852458954,0
02e99bd4f6cfb33f,1493606040,2.901639462,0
02e99bd4f6cfb33f,1493606100,2.606557369,0
02e99bd4f6cfb33f,1493606160,2.836065531,0
02e99bd4f6cfb33f,1493606220,2.7049181460000002,0
02e99bd4f6cfb33f,1493606280,2.639344215,0
02e99bd4f6cfb33f,1493606340,2.639344215,0
02e99bd4f6cfb33f,1493606400,2.672131062,0
02e99bd4f6cfb33f,1493606460,2.688524485,0
02e99bd4f6cfb33f,1493606520,2.7868852619999998,0
02e99bd4f6cfb33f,1493606580,2.737704992,0
02e99bd4f6cfb33f,1493606640,2.901639462,0
02e99bd4f6cfb33f,1493606700,3.0,0
02e99bd4f6cfb33f,1493606760,2.836065531,0
02e99bd4f6cfb33f,1493606820,2.7049181460000002,0
02e99bd4f6cfb33f,1493606880,2.950000048,0
02e99bd4f6cfb33f,1493606940,2.9836065769999998,0
02e99bd4f6cfb33f,1493607000,2.836065531,0
02e99bd4f6cfb33f,1493607060,3.1147542,0
02e99bd4f6cfb33f,1493607120,3.311475515,0
02e99bd4f6cfb33f,1493607180,3.803278685,0
02e99bd4f6cfb33f,1493607240,3.4918031689999998,0
02e99bd4f6cfb33f,1493607300,2.901639462,0
02e99bd4f6cfb33f,1493607360,2.868852377,0
02e99bd4f6cfb33f,1493607420,2.836065531,0
02e99bd4f6cfb33f,1493607480,2.967213154,0
02e99bd4f6cfb33f,1493607540,3.0163934230000002,0
02e99bd4f6cfb33f,1493607600,3.360655785,0
02e99bd4f6cfb33f,1493607660,3.196721315,0
02e99bd4f6cfb33f,1493607720,2.868852377,0
02e99bd4f6cfb33f,1493607780,2.7868852619999998,0
02e99bd4f6cfb33f,1493607840,2.934426308,0
02e99bd4f6cfb33f,1493607900,2.934426308,0
02e99bd4f6cfb33f,1493607960,2.836065531,0
02e99bd4f6cfb33f,1493608020,2.967213154,0
02e99bd4f6cfb33f,1493608080,2.8852458,0
02e99bd4f6cfb33f,1493608140,2.8852458,0
02e99bd4f6cfb33f,1493608200,3.0163934230000002,0
02e99bd4f6cfb33f,1493608260,2.967213154,0
02e99bd4f6cfb33f,1493608320,2.8852458,0
02e99bd4f6cfb33f,1493608380,2.688524485,0
02e99bd4f6cfb33f,1493608440,2.8196721080000002,0
02e99bd4f6cfb33f,1493608500,2.6229507919999997,0
02e99bd4f6cfb33f,1493608560,2.606557369,0
02e99bd4f6cfb33f,1493608620,2.852458954,0
02e99bd4f6cfb33f,1493608680,2.5573771,0
02e99bd4f6cfb33f,1493608740,2.344262362,0
02e99bd4f6cfb33f,1493608800,2.508196831,0
02e99bd4f6cfb33f,1493608860,2.590163946,0
02e99bd4f6cfb33f,1493608920,2.754098415,0
02e99bd4f6cfb33f,1493608980,2.491803169,0
02e99bd4f6cfb33f,1493609040,2.549999952,0
02e99bd4f6cfb33f,1493609100,2.540983677,0
02e99bd4f6cfb33f,1493609160,2.524590254,0
02e99bd4f6cfb33f,1493609220,2.672131062,0
02e99bd4f6cfb33f,1493609280,2.737704992,0
02e99bd4f6cfb33f,1493609340,2.688524485,0
02e99bd4f6cfb33f,1493609400,2.655737638,0
02e99bd4f6cfb33f,1493609460,2.754098415,1
02e99bd4f6cfb33f,1493609520,2.8196721080000002,1
02e99bd4f6cfb33f,1493609580,2.540983677,1
02e99bd4f6cfb33f,1493609640,2.655737638,1
02e99bd4f6cfb33f,1493609700,2.475409746,1
02e99bd4f6cfb33f,1493609760,2.852458954,1
02e99bd4f6cfb33f,1493609820,2.934426308,1
02e99bd4f6cfb33f,1493609880,3.032786846,1
02e99bd4f6cfb33f,1493609940,2.918032885,1
02e99bd4f6cfb33f,1493610000,2.9836065769999998,1
02e99bd4f6cfb33f,1493610060,2.918032885,1
02e99bd4f6cfb33f,1493610120,2.901639462,1
02e99bd4f6cfb33f,1493610180,2.934426308,1
02e99bd4f6cfb33f,1493610240,2.852458954,1
02e99bd4f6cfb33f,1493610300,2.803278685,1
02e99bd4f6cfb33f,1493610360,2.4262294769999997,1
02e99bd4f6cfb33f,1493610420,2.163934469,1
02e99bd4f6cfb33f,1493610480,2.540983677,1
02e99bd4f6cfb33f,1493610540,2.639344215,1
02e99bd4f6cfb33f,1493610600,2.688524485,1
02e99bd4f6cfb33f,1493610660,2.606557369,1
02e99bd4f6cfb33f,1493610720,2.295081854,1
02e99bd4f6cfb33f,1493610780,2.672131062,1
02e99bd4f6cfb33f,1493610840,2.5737705230000003,0
02e99bd4f6cfb33f,1493610900,2.639344215,0
02e99bd4f6cfb33f,1493610960,2.5573771,0
02e99bd4f6cfb33f,1493611020,2.6229507919999997,0
02e99bd4f6cfb33f,1493611080,2.5573771,0
02e99bd4f6cfb33f,1493611140,2.295081854,0
02e99bd4f6cfb33f,1493611200,2.409836054,0
02e99bd4f6cfb33f,1493611260,2.245901585,0
02e99bd4f6cfb33f,1493611320,2.2295081619999997,0
02e99bd4f6cfb33f,1493611380,2.7049181460000002,0
02e99bd4f6cfb33f,1493611440,2.5573771,0
02e99bd4f6cfb33f,1493611500,2.7049181460000002,0
02e99bd4f6cfb33f,1493611560,2.6896550660000003,0
02e99bd4f6cfb33f,1493611620,2.599999905,0
02e99bd4f6cfb33f,1493611680,2.754098415,0
02e99bd4f6cfb33f,1493611740,2.8852458,0
02e99bd4f6cfb33f,1493611800,2.934426308,0
02e99bd4f6cfb33f,1493611860,2.868852377,0
02e99bd4f6cfb33f,1493611920,2.967213154,0
02e99bd4f6cfb33f,1493611980,2.868852377,0
02e99bd4f6cfb33f,1493612040,2.754098415,0
02e99bd4f6cfb33f,1493612100,2.344262362,0
02e99bd4f6cfb33f,1493612160,2.459016323,0
02e99bd4f6cfb33f,1493612220,2.639344215,0
02e99bd4f6cfb33f,1493612280,2.491803169,0
02e99bd4f6cfb33f,1493612340,2.5573771,0
02e99bd4f6cfb33f,1493612400,2.295081854,0
02e99bd4f6cfb33f,1493612460,2.4262294769999997,0
02e99bd4f6cfb33f,1493612520,2.639344215,0
02e99bd4f6cfb33f,1493612580,2.639344215,0
02e99bd4f6cfb33f,1493612640,2.754098415,0
02e99bd4f6cfb33f,1493612700,2.540983677,0
02e99bd4f6cfb33f,1493612760,2.524590254,0
02e99bd4f6cfb33f,1493612820,2.540983677,0
02e99bd4f6cfb33f,1493612880,2.590163946,0
02e99bd4f6cfb33f,1493612940,2.590163946,0
02e99bd4f6cfb33f,1493613000,2.7213115689999996,0
02e99bd4f6cfb33f,1493613060,2.868852377,0
02e99bd4f6cfb33f,1493613120,2.852458954,0
02e99bd4f6cfb33f,1493613180,2.7868852619999998,0
02e99bd4f6cfb33f,1493613240,2.672131062,0
02e99bd4f6cfb33f,1493613300,2.5573771,0
02e99bd4f6cfb33f,1493613360,2.4426229,0
02e99bd4f6cfb33f,1493613420,2.475409746,0
02e99bd4f6cfb33f,1493613480,2.672131062,0
02e99bd4f6cfb33f,1493613540,2.459016323,0
02e99bd4f6cfb33f,1493613600,2.590163946,0
02e99bd4f6cfb33f,1493613660,2.688524485,0
02e99bd4f6cfb33f,1493613720,2.590163946,0
02e99bd4f6cfb33f,1493613780,2.737704992,0
02e99bd4f6cfb33f,1493613840,2.7049181460000002,0
02e99bd4f6cfb33f,1493613900,2.639344215,0
02e99bd4f6cfb33f,1493613960,2.803278685,0
02e99bd4f6cfb33f,1493614020,2.8852458,0
02e99bd4f6cfb33f,1493614080,2.799999952,0
02e99bd4f6cfb33f,1493614140,2.754098415,0
02e99bd4f6cfb33f,1493614200,2.852458954,0
02e99bd4f6cfb33f,1493614260,2.655737638,0
02e99bd4f6cfb33f,1493614320,2.311475515,0
02e99bd4f6cfb33f,1493614380,2.327868938,0
02e99bd4f6cfb33f,1493614440,2.349999905,0
02e99bd4f6cfb33f,1493614500,2.6666667459999998,0
02e99bd4f6cfb33f,1493614560,2.5737705230000003,0
02e99bd4f6cfb33f,1493614620,2.540983677,0
02e99bd4f6cfb33f,1493614680,2.4426229,0
02e99bd4f6cfb33f,1493614740,2.25,0
02e99bd4f6cfb33f,1493614800,1.983333349,0
02e99bd4f6cfb33f,1493614860,2.295081854,0
02e99bd4f6cfb33f,1493614920,2.1475410459999997,0
02e99bd4f6cfb33f,1493614980,2.6229507919999997,0
02e99bd4f6cfb33f,1493615040,2.508196831,0
02e99bd4f6cfb33f,1493615100,2.245901585,0
02e99bd4f6cfb33f,1493615160,2.196721315,0
02e99bd4f6cfb33f,1493615220,2.032786846,0
02e99bd4f6cfb33f,1493615280,2.2131147380000002,0
02e99bd4f6cfb33f,1493615340,2.360655785,0
02e99bd4f6cfb33f,1493615400,2.655737638,0
02e99bd4f6cfb33f,1493615460,2.7868852619999998,0
02e99bd4f6cfb33f,1493615520,2.7049181460000002,0
02e99bd4f6cfb33f,1493615580,2.3770492080000003,0
02e99bd4f6cfb33f,1493615640,2.459016323,0
02e99bd4f6cfb33f,1493615700,2.7049181460000002,0
02e99bd4f6cfb33f,1493615760,2.590163946,0
02e99bd4f6cfb33f,1493615820,2.262295008,0
02e99bd4f6cfb33f,1493615880,2.524590254,0
02e99bd4f6cfb33f,1493615940,2.475409746,0
02e99bd4f6cfb33f,1493616000,2.295081854,0
02e99bd4f6cfb33f,1493616060,2.344262362,0
02e99bd4f6cfb33f,1493616120,2.409836054,0
02e99bd4f6cfb33f,1493616180,2.393442631,0
02e99bd4f6cfb33f,1493616240,2.278688431,0
02e99bd4f6cfb33f,1493616300,2.0,0
02e99bd4f6cfb33f,1493616360,2.2131147380000002,0
02e99bd4f6cfb33f,1493616420,2.409836054,0
02e99bd4f6cfb33f,1493616480,2.262295008,0
02e99bd4f6cfb33f,1493616540,1.983606577,0
02e99bd4f6cfb33f,1493616600,2.4426229,0
02e99bd4f6cfb33f,1493616660,2.4262294769999997,0
02e99bd4f6cfb33f,1493616720,2.262295008,0
02e99bd4f6cfb33f,1493616780,2.491803169,0
02e99bd4f6cfb33f,1493616840,2.508196831,0
02e99bd4f6cfb33f,1493619780,1.950819731,0
02e99bd4f6cfb33f,1493619840,2.0163934230000002,0
02e99bd4f6cfb33f,1493619900,1.967213154,0
02e99bd4f6cfb33f,1493619960,1.967213154,0
02e99bd4f6cfb33f,1493620020,1.983606577,0
02e99bd4f6cfb33f,1493620080,2.065573692,0
02e99bd4f6cfb33f,1493620140,1.918032765,0
02e99bd4f6cfb33f,1493620200,1.950819731,0
02e99bd4f6cfb33f,1493620260,2.0,0
02e99bd4f6cfb33f,1493620320,2.0666666030000003,0
02e99bd4f6cfb33f,1493620380,2.0833332540000002,0
02e99bd4f6cfb33f,1493620440,1.9344261880000002,0
02e99bd4f6cfb33f,1493620500,1.9344261880000002,0
02e99bd4f6cfb33f,1493620560,1.918032765,0
02e99bd4f6cfb33f,1493620620,1.9344261880000002,0
02e99bd4f6cfb33f,1493620680,1.967213154,0
02e99bd4f6cfb33f,1493620740,1.983606577,0
02e99bd4f6cfb33f,1493620800,1.7377048730000002,0
02e99bd4f6cfb33f,1493620860,1.8524590730000001,0
02e99bd4f6cfb33f,1493620920,2.0491802690000003,0
02e99bd4f6cfb33f,1493620980,1.9344261880000002,0
02e99bd4f6cfb33f,1493621040,1.9344261880000002,0
02e99bd4f6cfb33f,1493621100,1.9344261880000002,0
02e99bd4f6cfb33f,1493621160,1.9344261880000002,0
02e99bd4f6cfb33f,1493621220,2.0163934230000002,0
02e99bd4f6cfb33f,1493621280,1.8524590730000001,0
02e99bd4f6cfb33f,1493621340,1.9344261880000002,0
02e99bd4f6cfb33f,1493621400,1.950819731,0
02e99bd4f6cfb33f,1493621460,1.8852459190000002,0
02e99bd4f6cfb33f,1493621520,1.868852496,0
02e99bd4f6cfb33f,1493621580,1.704918027,0
02e99bd4f6cfb33f,1493621640,1.9344261880000002,0
02e99bd4f6cfb33f,1493621700,1.803278685,0
02e99bd4f6cfb33f,1493621760,1.8524590730000001,0
02e99bd4f6cfb33f,1493621820,1.950819731,0
02e99bd4f6cfb33f,1493621880,1.770491838,0
02e99bd4f6cfb33f,1493621940,1.868852496,0
02e99bd4f6cfb33f,1493622000,1.9344261880000002,0
02e99bd4f6cfb33f,1493622060,1.770491838,0
02e99bd4f6cfb33f,1493622120,1.770491838,0
02e99bd4f6cfb33f,1493622180,1.9344261880000002,0
02e99bd4f6cfb33f,1493622240,1.666666627,0
02e99bd4f6cfb33f,1493622300,1.72131145,0
02e99bd4f6cfb33f,1493622360,1.8852459190000002,0
02e99bd4f6cfb33f,1493622540,1.508196712,0
02e99bd4f6cfb33f,1493622600,1.4590164419999998,0
02e99bd4f6cfb33f,1493622660,1.475409865,0
02e99bd4f6cfb33f,1493622720,1.6885246040000002,0
02e99bd4f6cfb33f,1493622780,1.5901639459999999,0
02e99bd4f6cfb33f,1493622840,1.5901639459999999,0
02e99bd4f6cfb33f,1493622900,1.622950792,0
02e99bd4f6cfb33f,1493622960,1.803278685,0
02e99bd4f6cfb33f,1493623020,1.6557377580000001,0
02e99bd4f6cfb33f,1493623080,1.819672108,0
02e99bd4f6cfb33f,1493623140,1.754098415,0
02e99bd4f6cfb33f,1493623200,1.475409865,0
02e99bd4f6cfb33f,1493623260,1.360655785,0
02e99bd4f6cfb33f,1493623320,1.377049208,0
02e99bd4f6cfb33f,1493623380,1.3934426309999999,0
02e99bd4f6cfb33f,1493623440,1.4426229,0
02e99bd4f6cfb33f,1493623500,1.5409835580000002,0
02e99bd4f6cfb33f,1493623560,1.131147504,0
02e99bd4f6cfb33f,1493623620,1.147540927,0
02e99bd4f6cfb33f,1493623680,1.524590135,0
02e99bd4f6cfb33f,1493623740,1.5409835580000002,0
02e99bd4f6cfb33f,1493623800,1.4590164419999998,0
02e99bd4f6cfb33f,1493623860,1.327868819,0
02e99bd4f6cfb33f,1493623920,1.3442622419999999,0
02e99bd4f6cfb33f,1493623980,1.5901639459999999,0
02e99bd4f6cfb33f,1493624040,1.5409835580000002,0
02e99bd4f6cfb33f,1493624100,1.5573771,0
02e99bd4f6cfb33f,1493624160,1.262295127,0
02e99bd4f6cfb33f,1493624220,1.3442622419999999,0
02e99bd4f6cfb33f,1493624280,1.426229477,0
02e99bd4f6cfb33f,1493624340,1.377049208,0
02e99bd4f6cfb33f,1493624400,1.3934426309999999,0
02e99bd4f6cfb33f,1493624460,1.5573771,0
02e99bd4f6cfb33f,1493624520,1.5901639459999999,0
02e99bd4f6cfb33f,1493624580,1.4426229,0
02e99bd4f6cfb33f,1493624640,1.327868819,0
02e99bd4f6cfb33f,1493624700,1.3934426309999999,0
02e99bd4f6cfb33f,1493624760,1.377049208,0
02e99bd4f6cfb33f,1493624820,1.3442622419999999,0
02e99bd4f6cfb33f,1493624880,1.098360658,0
02e99bd4f6cfb33f,1493624940,1.180327892,0
02e99bd4f6cfb33f,1493625000,1.081967235,0
02e99bd4f6cfb33f,1493625060,1.098360658,0
02e99bd4f6cfb33f,1493625120,1.065573812,0
02e99bd4f6cfb33f,1493625180,1.295081973,0
02e99bd4f6cfb33f,1493625240,1.295081973,0
02e99bd4f6cfb33f,1493625300,1.327868819,0
02e99bd4f6cfb33f,1493625360,1.508196712,0
02e99bd4f6cfb33f,1493625420,1.377049208,0
02e99bd4f6cfb33f,1493625480,1.4098360540000001,0
02e99bd4f6cfb33f,1493625540,1.475409865,0
02e99bd4f6cfb33f,1493625600,1.672131181,0
02e99bd4f6cfb33f,1493625660,1.426229477,0
02e99bd4f6cfb33f,1493625720,1.4426229,0
02e99bd4f6cfb33f,1493625780,1.491803288,0
02e99bd4f6cfb33f,1493625840,1.295081973,0
02e99bd4f6cfb33f,1493625900,1.3442622419999999,0
02e99bd4f6cfb33f,1493625960,1.3934426309999999,0
02e99bd4f6cfb33f,1493626020,1.016393423,0
02e99bd4f6cfb33f,1493626080,1.081967235,0
02e99bd4f6cfb33f,1493626140,1.065573812,0
02e99bd4f6cfb33f,1493626200,1.0,0
02e99bd4f6cfb33f,1493626260,1.163934469,0
02e99bd4f6cfb33f,1493626320,1.032786846,0
02e99bd4f6cfb33f,1493626380,1.1147540809999998,0
02e99bd4f6cfb33f,1493626440,1.081967235,0
02e99bd4f6cfb33f,1493626500,1.049180269,0
02e99bd4f6cfb33f,1493626560,1.098360658,0
02e99bd4f6cfb33f,1493626620,1.016393423,0
02e99bd4f6cfb33f,1493626680,1.0,0
02e99bd4f6cfb33f,1493626740,0.983606577,0
02e99bd4f6cfb33f,1493626800,0.983606577,0
02e99bd4f6cfb33f,1493626860,0.983606577,0
02e99bd4f6cfb33f,1493626920,1.032786846,0
02e99bd4f6cfb33f,1493626980,1.098360658,0
02e99bd4f6cfb33f,1493627040,1.081967235,0
02e99bd4f6cfb33f,1493627100,0.9672130940000001,0
02e99bd4f6cfb33f,1493627160,0.9672130940000001,0
02e99bd4f6cfb33f,1493627220,1.0,0
02e99bd4f6cfb33f,1493627280,0.983606577,0
02e99bd4f6cfb33f,1493627340,0.9672130940000001,0
02e99bd4f6cfb33f,1493627400,0.9672130940000001,0
02e99bd4f6cfb33f,1493627460,1.081967235,0
02e99bd4f6cfb33f,1493627520,1.098360658,0
02e99bd4f6cfb33f,1493627580,1.049180269,0
02e99bd4f6cfb33f,1493627640,1.0,0
02e99bd4f6cfb33f,1493627700,1.147540927,0
02e99bd4f6cfb33f,1493627760,1.081967235,0
02e99bd4f6cfb33f,1493627820,1.016393423,0
02e99bd4f6cfb33f,1493627880,1.016393423,0
02e99bd4f6cfb33f,1493627940,1.016393423,0
02e99bd4f6cfb33f,1493628000,0.9672130940000001,0
02e99bd4f6cfb33f,1493628060,0.9672130940000001,0
02e99bd4f6cfb33f,1493628120,0.9672130940000001,0
02e99bd4f6cfb33f,1493628180,0.9672130940000001,0
02e99bd4f6cfb33f,1493628240,0.9672130940000001,0
02e99bd4f6cfb33f,1493628300,0.9672130940000001,0
02e99bd4f6cfb33f,1493628360,1.016393423,0
02e99bd4f6cfb33f,1493628420,0.983606577,0
02e99bd4f6cfb33f,1493628480,1.032786846,0
02e99bd4f6cfb33f,1493628540,1.081967235,0
02e99bd4f6cfb33f,1493628600,1.0,0
02e99bd4f6cfb33f,1493628660,0.9672130940000001,0
02e99bd4f6cfb33f,1493628720,0.9672130940000001,0
02e99bd4f6cfb33f,1493628780,0.9672130940000001,0
02e99bd4f6cfb33f,1493628840,1.0,0
02e99bd4f6cfb33f,1493628900,0.9672130940000001,0
02e99bd4f6cfb33f,1493628960,0.9672130940000001,0
02e99bd4f6cfb33f,1493629020,0.9672130940000001,0
02e99bd4f6cfb33f,1493629080,1.0,0
02e99bd4f6cfb33f,1493629140,0.9672130940000001,0
02e99bd4f6cfb33f,1493629200,0.9672130940000001,0
02e99bd4f6cfb33f,1493629260,0.9672130940000001,0
02e99bd4f6cfb33f,1493629320,0.9672130940000001,0
02e99bd4f6cfb33f,1493629380,0.983606577,0
02e99bd4f6cfb33f,1493629440,1.016393423,0
02e99bd4f6cfb33f,1493629500,1.016393423,0
02e99bd4f6cfb33f,1493629560,1.0,0
02e99bd4f6cfb33f,1493629620,1.016393423,0
02e99bd4f6cfb33f,1493629680,1.131147504,0
02e99bd4f6cfb33f,1493629740,1.016393423,0
02e99bd4f6cfb33f,1493629800,1.049180269,0
02e99bd4f6cfb33f,1493629860,1.0,0
02e99bd4f6cfb33f,1493629920,0.9661017059999999,0
02e99bd4f6cfb33f,1493629980,1.065573812,0
02e99bd4f6cfb33f,1493630040,1.1147540809999998,0
02e99bd4f6cfb33f,1493630100,1.081967235,0
02e99bd4f6cfb33f,1493630160,1.131147504,0
02e99bd4f6cfb33f,1493630220,1.147540927,0
02e99bd4f6cfb33f,1493630280,1.065573812,0
02e99bd4f6cfb33f,1493630340,1.065573812,0
02e99bd4f6cfb33f,1493630400,0.9672130940000001,0
02e99bd4f6cfb33f,1493630460,0.9672130940000001,0
02e99bd4f6cfb33f,1493630520,0.9672130940000001,0
02e99bd4f6cfb33f,1493630580,0.9672130940000001,0
02e99bd4f6cfb33f,1493630640,0.9672130940000001,0
02e99bd4f6cfb33f,1493630700,0.9672130940000001,0
02e99bd4f6cfb33f,1493630760,0.9672130940000001,0
02e99bd4f6cfb33f,1493630820,0.9672130940000001,0
02e99bd4f6cfb33f,1493630880,0.9672130940000001,0
02e99bd4f6cfb33f,1493630940,1.065573812,0
02e99bd4f6cfb33f,1493631000,1.213114738,0
02e99bd4f6cfb33f,1493631060,1.065573812,0
02e99bd4f6cfb33f,1493631120,1.032786846,0
02e99bd4f6cfb33f,1493631180,1.098360658,0
02e99bd4f6cfb33f,1493631240,1.245901585,0
02e99bd4f6cfb33f,1493631300,1.2295081620000001,0
02e99bd4f6cfb33f,1493631360,1.180327892,0
02e99bd4f6cfb33f,1493631420,1.213114738,0
02e99bd4f6cfb33f,1493631480,1.016393423,0
02e99bd4f6cfb33f,1493631540,1.180327892,0
02e99bd4f6cfb33f,1493631600,1.426229477,0
02e99bd4f6cfb33f,1493631660,1.295081973,0
02e99bd4f6cfb33f,1493631720,1.163934469,0
02e99bd4f6cfb33f,1493631780,1.016393423,0
02e99bd4f6cfb33f,1493631840,0.9672130940000001,0
02e99bd4f6cfb33f,1493631900,0.983606577,0
02e99bd4f6cfb33f,1493631960,0.9672130940000001,0
02e99bd4f6cfb33f,1493632020,0.983606577,0
02e99bd4f6cfb33f,1493632080,1.016393423,0
02e99bd4f6cfb33f,1493632140,1.032786846,0
02e99bd4f6cfb33f,1493632200,0.9672130940000001,0
02e99bd4f6cfb33f,1493632260,0.9672130940000001,0
02e99bd4f6cfb33f,1493632320,1.0,0
02e99bd4f6cfb33f,1493632380,1.032786846,0
02e99bd4f6cfb33f,1493632440,1.147540927,0
02e99bd4f6cfb33f,1493632500,1.065573812,0
02e99bd4f6cfb33f,1493632560,1.0,0
02e99bd4f6cfb33f,1493632620,0.9672130940000001,0
02e99bd4f6cfb33f,1493632680,1.098360658,0
02e99bd4f6cfb33f,1493632740,1.147540927,0
02e99bd4f6cfb33f,1493632800,0.9672130940000001,0
02e99bd4f6cfb33f,1493632860,0.983606577,0
02e99bd4f6cfb33f,1493632920,0.983606577,0
02e99bd4f6cfb33f,1493632980,0.9672130940000001,0
02e99bd4f6cfb33f,1493633040,0.9672130940000001,0
02e99bd4f6cfb33f,1493633100,0.9672130940000001,0
02e99bd4f6cfb33f,1493633160,0.9672130940000001,0
02e99bd4f6cfb33f,1493633220,1.016393423,0
02e99bd4f6cfb33f,1493633280,1.032786846,0
02e99bd4f6cfb33f,1493633340,1.032786846,0
02e99bd4f6cfb33f,1493633400,0.9672130940000001,0
02e99bd4f6cfb33f,1493633460,0.9672130940000001,0
02e99bd4f6cfb33f,1493633520,0.983606577,0
02e99bd4f6cfb33f,1493633580,0.9672130940000001,0
02e99bd4f6cfb33f,1493633640,0.9672130940000001,0
02e99bd4f6cfb33f,1493633700,0.9672130940000001,0
02e99bd4f6cfb33f,1493633760,0.9672130940000001,0
02e99bd4f6cfb33f,1493633820,0.9672130940000001,0
02e99bd4f6cfb33f,1493633880,0.983606577,0
02e99bd4f6cfb33f,1493633940,1.081967235,0
02e99bd4f6cfb33f,1493634000,1.032786846,0
02e99bd4f6cfb33f,1493634060,1.032786846,0
02e99bd4f6cfb33f,1493634120,0.983606577,0
02e99bd4f6cfb33f,1493634180,0.9672130940000001,0
02e99bd4f6cfb33f,1493634240,0.9672130940000001,0
02e99bd4f6cfb33f,1493634300,0.9672130940000001,0
02e99bd4f6cfb33f,1493634360,1.0,0
02e99bd4f6cfb33f,1493634420,0.983606577,0
02e99bd4f6cfb33f,1493634480,0.9672130940000001,0
02e99bd4f6cfb33f,1493634540,0.9672130940000001,0
02e99bd4f6cfb33f,1493634600,0.983606577,0
02e99bd4f6cfb33f,1493634660,0.983606577,0
02e99bd4f6cfb33f,1493634720,0.9672130940000001,0
02e99bd4f6cfb33f,1493634780,0.9672130940000001,0
02e99bd4f6cfb33f,1493634840,0.9672130940000001,0
02e99bd4f6cfb33f,1493634900,0.983606577,0
02e99bd4f6cfb33f,1493634960,0.9672130940000001,0
02e99bd4f6cfb33f,1493635020,0.983606577,0
02e99bd4f6cfb33f,1493635080,0.9672130940000001,0
02e99bd4f6cfb33f,1493635140,0.9672130940000001,0
02e99bd4f6cfb33f,1493635200,0.983606577,0
02e99bd4f6cfb33f,1493635260,0.9672130940000001,0
02e99bd4f6cfb33f,1493635320,0.983606577,0
02e99bd4f6cfb33f,1493635380,0.9672130940000001,0
02e99bd4f6cfb33f,1493635440,0.9672130940000001,0
02e99bd4f6cfb33f,1493635500,0.9672130940000001,0
02e99bd4f6cfb33f,1493635560,0.983606577,0
02e99bd4f6cfb33f,1493635620,0.950819671,0
02e99bd4f6cfb33f,1493635680,0.9672130940000001,0
02e99bd4f6cfb33f,1493635740,0.9672130940000001,0
02e99bd4f6cfb33f,1493635800,0.9672130940000001,0
02e99bd4f6cfb33f,1493635860,0.9672130940000001,0
02e99bd4f6cfb33f,1493635920,0.9672130940000001,0
02e99bd4f6cfb33f,1493635980,0.9672130940000001,0
02e99bd4f6cfb33f,1493636040,1.032786846,0
02e99bd4f6cfb33f,1493636100,0.9672130940000001,0
02e99bd4f6cfb33f,1493636160,0.9672130940000001,0
02e99bd4f6cfb33f,1493636220,0.9672130940000001,0
02e99bd4f6cfb33f,1493636280,0.9672130940000001,0
02e99bd4f6cfb33f,1493636340,0.9672130940000001,0
02e99bd4f6cfb33f,1493636400,0.9672130940000001,0
02e99bd4f6cfb33f,1493636460,1.0,0
02e99bd4f6cfb33f,1493636520,0.9672130940000001,0
02e99bd4f6cfb33f,1493636580,0.9672130940000001,0
02e99bd4f6cfb33f,1493636640,0.9672130940000001,0
02e99bd4f6cfb33f,1493636700,0.9672130940000001,0
02e99bd4f6cfb33f,1493636760,0.9672130940000001,0
02e99bd4f6cfb33f,1493636820,0.9672130940000001,0
02e99bd4f6cfb33f,1493636880,0.950819671,0
02e99bd4f6cfb33f,1493636940,0.950819671,0
02e99bd4f6cfb33f,1493637000,1.0,0
02e99bd4f6cfb33f,1493637060,0.9672130940000001,0
02e99bd4f6cfb33f,1493637120,0.9672130940000001,0
02e99bd4f6cfb33f,1493637180,0.9672130940000001,0
02e99bd4f6cfb33f,1493637240,0.9672130940000001,0
02e99bd4f6cfb33f,1493637300,0.9672130940000001,0
02e99bd4f6cfb33f,1493637360,0.9672130940000001,0
02e99bd4f6cfb33f,1493637420,0.983606577,0
02e99bd4f6cfb33f,1493637480,0.9672130940000001,0
02e99bd4f6cfb33f,1493637540,0.9672130940000001,0
02e99bd4f6cfb33f,1493637600,0.983606577,0
02e99bd4f6cfb33f,1493637660,1.081967235,0
02e99bd4f6cfb33f,1493637720,0.9672130940000001,0
02e99bd4f6cfb33f,1493637780,1.0,0
02e99bd4f6cfb33f,1493637840,0.9672130940000001,0
02e99bd4f6cfb33f,1493637900,0.918032765,0
02e99bd4f6cfb33f,1493637960,0.9672130940000001,0
02e99bd4f6cfb33f,1493638020,0.9672130940000001,0
02e99bd4f6cfb33f,1493638080,0.9672130940000001,0
02e99bd4f6cfb33f,1493638140,0.9672130940000001,0
02e99bd4f6cfb33f,1493638200,0.9672130940000001,0
02e99bd4f6cfb33f,1493638260,0.950819671,0
02e99bd4f6cfb33f,1493638320,0.9672130940000001,0
02e99bd4f6cfb33f,1493638380,0.9672130940000001,0
02e99bd4f6cfb33f,1493638440,0.983606577,0
02e99bd4f6cfb33f,1493638500,0.9672130940000001,0
02e99bd4f6cfb33f,1493638560,0.9672130940000001,0
02e99bd4f6cfb33f,1493638620,0.9672130940000001,0
02e99bd4f6cfb33f,1493638680,0.9672130940000001,0
02e99bd4f6cfb33f,1493638740,0.9672130940000001,0
02e99bd4f6cfb33f,1493638800,0.9672130940000001,0
02e99bd4f6cfb33f,1493638860,0.9672130940000001,0
02e99bd4f6cfb33f,1493638920,0.983606577,0
02e99bd4f6cfb33f,1493638980,1.0,0
02e99bd4f6cfb33f,1493639040,0.9672130940000001,0
02e99bd4f6cfb33f,1493639100,0.9672130940000001,0
02e99bd4f6cfb33f,1493639160,1.016393423,0
02e99bd4f6cfb33f,1493639220,1.065573812,0
02e99bd4f6cfb33f,1493639280,1.1147540809999998,0
02e99bd4f6cfb33f,1493639340,0.9672130940000001,0
02e99bd4f6cfb33f,1493639400,0.9672130940000001,0
02e99bd4f6cfb33f,1493639460,1.016393423,0
02e99bd4f6cfb33f,1493639520,1.049180269,0
02e99bd4f6cfb33f,1493639580,0.9672130940000001,0
02e99bd4f6cfb33f,1493639640,0.9672130940000001,0
02e99bd4f6cfb33f,1493639700,0.9672130940000001,0
02e99bd4f6cfb33f,1493639760,0.9672130940000001,0
02e99bd4f6cfb33f,1493639820,1.147540927,0
02e99bd4f6cfb33f,1493639880,0.9672130940000001,0
02e99bd4f6cfb33f,1493639940,1.016393423,0
02e99bd4f6cfb33f,1493640000,1.0,0
02e99bd4f6cfb33f,1493640060,0.9672130940000001,0
02e99bd4f6cfb33f,1493640120,0.950819671,0
02e99bd4f6cfb33f,1493640180,0.9672130940000001,0
02e99bd4f6cfb33f,1493640240,1.0,0
02e99bd4f6cfb33f,1493640300,0.9672130940000001,0
02e99bd4f6cfb33f,1493640360,0.9672130940000001,0
02e99bd4f6cfb33f,1493640420,0.9672130940000001,0
02e99bd4f6cfb33f,1493640480,0.9672130940000001,0
02e99bd4f6cfb33f,1493640540,1.016393423,0
02e99bd4f6cfb33f,1493640600,0.9672130940000001,0
02e99bd4f6cfb33f,1493640660,0.983606577,0
02e99bd4f6cfb33f,1493640720,1.032786846,0
02e99bd4f6cfb33f,1493640780,0.9672130940000001,0
02e99bd4f6cfb33f,1493640840,1.049180269,0
02e99bd4f6cfb33f,1493640900,1.0,0
02e99bd4f6cfb33f,1493640960,0.9672130940000001,0
02e99bd4f6cfb33f,1493641020,1.147540927,0
02e99bd4f6cfb33f,1493641080,1.016393423,0
02e99bd4f6cfb33f,1493641140,1.163934469,0
02e99bd4f6cfb33f,1493641200,1.016393423,0
02e99bd4f6cfb33f,1493641260,0.9672130940000001,0
02e99bd4f6cfb33f,1493641320,0.9672130940000001,0
02e99bd4f6cfb33f,1493641380,0.9672130940000001,0
02e99bd4f6cfb33f,1493641440,0.9672130940000001,0
02e99bd4f6cfb33f,1493641500,0.9672130940000001,0
02e99bd4f6cfb33f,1493641560,1.081967235,0
02e99bd4f6cfb33f,1493641620,0.983606577,0
02e99bd4f6cfb33f,1493641680,1.032786846,0
02e99bd4f6cfb33f,1493641740,1.098360658,0
02e99bd4f6cfb33f,1493641800,1.049180269,0
02e99bd4f6cfb33f,1493641860,0.9672130940000001,0
02e99bd4f6cfb33f,1493641920,0.9672130940000001,0
02e99bd4f6cfb33f,1493641980,1.0,0
02e99bd4f6cfb33f,1493642040,1.098360658,0
02e99bd4f6cfb33f,1493642100,0.983606577,0
02e99bd4f6cfb33f,1493642160,0.9672130940000001,0
02e99bd4f6cfb33f,1493642220,1.0,0
02e99bd4f6cfb33f,1493642280,1.049180269,0
02e99bd4f6cfb33f,1493642340,0.9672130940000001,0
02e99bd4f6cfb33f,1493642400,0.9672130940000001,0
02e99bd4f6cfb33f,1493642460,0.983606577,0
02e99bd4f6cfb33f,1493642520,1.016393423,0
02e99bd4f6cfb33f,1493642580,0.983606577,0
02e99bd4f6cfb33f,1493642640,0.9672130940000001,0
02e99bd4f6cfb33f,1493642700,1.049180269,0
02e99bd4f6cfb33f,1493642760,1.1147540809999998,0
02e99bd4f6cfb33f,1493642820,1.131147504,0
02e99bd4f6cfb33f,1493642880,0.983606577,0
02e99bd4f6cfb33f,1493642940,1.0,0
02e99bd4f6cfb33f,1493643000,1.081967235,0
02e99bd4f6cfb33f,1493643060,1.147540927,0
02e99bd4f6cfb33f,1493643120,1.098360658,0
02e99bd4f6cfb33f,1493643180,0.9672130940000001,0
02e99bd4f6cfb33f,1493643240,0.983606577,0
02e99bd4f6cfb33f,1493643300,0.983606577,0
02e99bd4f6cfb33f,1493643360,1.0,0
02e99bd4f6cfb33f,1493643420,0.983606577,0
02e99bd4f6cfb33f,1493643480,0.9672130940000001,0
02e99bd4f6cfb33f,1493643540,0.9672130940000001,0
02e99bd4f6cfb33f,1493643600,0.9672130940000001,0
02e99bd4f6cfb33f,1493643660,0.983606577,0
02e99bd4f6cfb33f,1493643720,1.081967235,0
02e99bd4f6cfb33f,1493643780,1.0,0
02e99bd4f6cfb33f,1493643840,0.983606577,0
02e99bd4f6cfb33f,1493643900,1.081967235,0
02e99bd4f6cfb33f,1493643960,1.032786846,0
02e99bd4f6cfb33f,1493644020,1.0,0
02e99bd4f6cfb33f,1493644080,1.065573812,0
02e99bd4f6cfb33f,1493644140,1.065573812,0
02e99bd4f6cfb33f,1493644200,1.213114738,0
02e99bd4f6cfb33f,1493644260,1.0,0
02e99bd4f6cfb33f,1493644320,1.0,0
02e99bd4f6cfb33f,1493644380,0.983606577,0
02e99bd4f6cfb33f,1493644440,0.983606577,0
02e99bd4f6cfb33f,1493644500,0.9672130940000001,0
02e99bd4f6cfb33f,1493644560,1.049180269,0
02e99bd4f6cfb33f,1493644620,1.032786846,0
02e99bd4f6cfb33f,1493644680,0.9672130940000001,0
02e99bd4f6cfb33f,1493644740,1.0,0
02e99bd4f6cfb33f,1493644800,0.983606577,0
02e99bd4f6cfb33f,1493644860,0.9672130940000001,0
02e99bd4f6cfb33f,1493644920,1.0,0
02e99bd4f6cfb33f,1493644980,1.032786846,0
02e99bd4f6cfb33f,1493645040,0.983606577,0
02e99bd4f6cfb33f,1493645100,0.983606577,0
02e99bd4f6cfb33f,1493645160,1.1147540809999998,0
02e99bd4f6cfb33f,1493645220,1.377049208,0
02e99bd4f6cfb33f,1493645280,1.196721315,0
02e99bd4f6cfb33f,1493645340,1.163934469,0
02e99bd4f6cfb33f,1493645400,1.295081973,0
02e99bd4f6cfb33f,1493645460,1.3442622419999999,0
02e99bd4f6cfb33f,1493645520,1.27868855,0
02e99bd4f6cfb33f,1493645580,1.0,0
02e99bd4f6cfb33f,1493645640,0.983606577,0
02e99bd4f6cfb33f,1493645700,0.983606577,0
02e99bd4f6cfb33f,1493645760,1.163934469,0
02e99bd4f6cfb33f,1493645820,1.196721315,0
02e99bd4f6cfb33f,1493645880,1.180327892,0
02e99bd4f6cfb33f,1493645940,1.180327892,0
02e99bd4f6cfb33f,1493646000,1.245901585,0
02e99bd4f6cfb33f,1493646060,1.245901585,0
02e99bd4f6cfb33f,1493646120,1.426229477,0
02e99bd4f6cfb33f,1493646180,1.147540927,0
02e99bd4f6cfb33f,1493646240,1.3114753959999998,0
02e99bd4f6cfb33f,1493646300,1.327868819,0
02e99bd4f6cfb33f,1493646360,1.4098360540000001,0
02e99bd4f6cfb33f,1493646420,1.360655785,0
02e99bd4f6cfb33f,1493646480,1.065573812,0
02e99bd4f6cfb33f,1493646540,1.196721315,0
02e99bd4f6cfb33f,1493646600,1.213114738,0
02e99bd4f6cfb33f,1493646660,1.2295081620000001,0
02e99bd4f6cfb33f,1493646720,1.3442622419999999,0
02e99bd4f6cfb33f,1493646780,1.327868819,0
02e99bd4f6cfb33f,1493646840,1.0,0
02e99bd4f6cfb33f,1493646900,1.081967235,0
02e99bd4f6cfb33f,1493646960,1.27868855,0
02e99bd4f6cfb33f,1493647020,1.3114753959999998,0
02e99bd4f6cfb33f,1493647080,1.4426229,0
02e99bd4f6cfb33f,1493647140,1.6557377580000001,0
02e99bd4f6cfb33f,1493647200,1.491803288,0
02e99bd4f6cfb33f,1493647260,1.4590164419999998,0
02e99bd4f6cfb33f,1493647320,1.573770523,0
02e99bd4f6cfb33f,1493647380,1.639344215,0
02e99bd4f6cfb33f,1493647440,1.524590135,0
02e99bd4f6cfb33f,1493647500,1.72131145,0
02e99bd4f6cfb33f,1493647560,1.8852459190000002,0
02e99bd4f6cfb33f,1493647620,1.7377048730000002,0
02e99bd4f6cfb33f,1493647680,1.633333325,0
02e99bd4f6cfb33f,1493647740,1.836065531,0
02e99bd4f6cfb33f,1493647800,1.819672108,0
02e99bd4f6cfb33f,1493647860,1.898305058,0
02e99bd4f6cfb33f,1493647920,1.683333278,0
02e99bd4f6cfb33f,1493647980,1.8524590730000001,0
02e99bd4f6cfb33f,1493648040,1.819672108,0
02e99bd4f6cfb33f,1493648100,1.754098415,0
02e99bd4f6cfb33f,1493648160,1.6065573690000001,0
02e99bd4f6cfb33f,1493648220,1.3114753959999998,0
02e99bd4f6cfb33f,1493648280,1.491803288,0
02e99bd4f6cfb33f,1493648340,1.4426229,0
02e99bd4f6cfb33f,1493648400,1.5573771,0
02e99bd4f6cfb33f,1493648460,1.475409865,0
02e99bd4f6cfb33f,1493648520,1.475409865,0
02e99bd4f6cfb33f,1493648580,1.6065573690000001,0
02e99bd4f6cfb33f,1493648640,1.6885246040000002,0
02e99bd4f6cfb33f,1493648700,1.426229477,0
02e99bd4f6cfb33f,1493648760,1.524590135,0
02e99bd4f6cfb33f,1493648820,1.6065573690000001,0
02e99bd4f6cfb33f,1493648880,1.573770523,0
02e99bd4f6cfb33f,1493648940,1.6557377580000001,0
02e99bd4f6cfb33f,1493649000,1.6557377580000001,0
02e99bd4f6cfb33f,1493649060,1.5901639459999999,0
02e99bd4f6cfb33f,1493649120,1.72131145,0
02e99bd4f6cfb33f,1493649180,1.754098415,0
02e99bd4f6cfb33f,1493649240,1.639344215,0
02e99bd4f6cfb33f,1493649300,1.573770523,0
02e99bd4f6cfb33f,1493649360,1.622950792,0
02e99bd4f6cfb33f,1493649420,1.918032765,0
02e99bd4f6cfb33f,1493649480,1.9344261880000002,0
02e99bd4f6cfb33f,1493649540,1.9344261880000002,0
02e99bd4f6cfb33f,1493649600,1.9344261880000002,0
02e99bd4f6cfb33f,1493649660,1.868852496,0
02e99bd4f6cfb33f,1493649720,1.8524590730000001,0
02e99bd4f6cfb33f,1493649780,1.8852459190000002,0
02e99bd4f6cfb33f,1493649840,1.901639342,0
02e99bd4f6cfb33f,1493649900,1.8852459190000002,0
02e99bd4f6cfb33f,1493649960,1.901639342,0
02e99bd4f6cfb33f,1493650020,1.819672108,0
02e99bd4f6cfb33f,1493650080,1.836065531,0
02e99bd4f6cfb33f,1493650140,1.9344261880000002,0
02e99bd4f6cfb33f,1493650200,1.9344261880000002,0
02e99bd4f6cfb33f,1493650260,1.819672108,0
02e99bd4f6cfb33f,1493650320,1.901639342,0
02e99bd4f6cfb33f,1493650380,1.770491838,0
02e99bd4f6cfb33f,1493650440,1.72131145,0
02e99bd4f6cfb33f,1493650500,1.803278685,0
02e99bd4f6cfb33f,1493650560,1.786885262,0
02e99bd4f6cfb33f,1493650620,1.912280679,0
02e99bd4f6cfb33f,1493650680,1.916666627,0
02e99bd4f6cfb33f,1493650740,1.8852459190000002,0
02e99bd4f6cfb33f,1493650800,1.918032765,0
02e99bd4f6cfb33f,1493650860,1.9344261880000002,0
02e99bd4f6cfb33f,1493650920,1.9344261880000002,0
02e99bd4f6cfb33f,1493650980,1.9344261880000002,0
02e99bd4f6cfb33f,1493651040,1.918032765,0
02e99bd4f6cfb33f,1493651100,1.9344261880000002,0
02e99bd4f6cfb33f,1493651160,1.967213154,0
02e99bd4f6cfb33f,1493651220,1.950819731,0
02e99bd4f6cfb33f,1493651280,1.933333278,0
02e99bd4f6cfb33f,1493651340,1.9344261880000002,0
02e99bd4f6cfb33f,1493651400,1.918032765,0
02e99bd4f6cfb33f,1493651460,2.0,0
02e99bd4f6cfb33f,1493651520,1.9344261880000002,0
02e99bd4f6cfb33f,1493651580,2.1475410459999997,0
02e99bd4f6cfb33f,1493651640,2.131147623,0
02e99bd4f6cfb33f,1493651700,2.295081854,0
02e99bd4f6cfb33f,1493651760,2.163934469,0
02e99bd4f6cfb33f,1493651820,2.409836054,0
02e99bd4f6cfb33f,1493651880,2.344262362,0
02e99bd4f6cfb33f,1493651940,2.344262362,0
02e99bd4f6cfb33f,1493652000,2.655737638,0
02e99bd4f6cfb33f,1493652060,2.311475515,0
02e99bd4f6cfb33f,1493652120,2.1147542,0
02e99bd4f6cfb33f,1493652180,2.0491802690000003,0
02e99bd4f6cfb33f,1493652240,2.0491802690000003,0
02e99bd4f6cfb33f,1493652300,2.032786846,0
02e99bd4f6cfb33f,1493652360,2.1803278919999998,0
02e99bd4f6cfb33f,1493652420,1.983606577,0
02e99bd4f6cfb33f,1493652480,2.2295081619999997,0
02e99bd4f6cfb33f,1493652540,2.163934469,0
02e99bd4f6cfb33f,1493652600,2.098360538,0
02e99bd4f6cfb33f,1493652660,2.2295081619999997,0
02e99bd4f6cfb33f,1493652720,2.409836054,0
02e99bd4f6cfb33f,1493652780,2.459016323,0
02e99bd4f6cfb33f,1493652840,2.655737638,0
02e99bd4f6cfb33f,1493652900,2.295081854,0
02e99bd4f6cfb33f,1493652960,2.327868938,0
02e99bd4f6cfb33f,1493653020,2.1147542,0
02e99bd4f6cfb33f,1493653080,2.327868938,0
02e99bd4f6cfb33f,1493653140,2.278688431,0
02e99bd4f6cfb33f,1493653200,2.098360538,0
02e99bd4f6cfb33f,1493653260,2.2295081619999997,0
02e99bd4f6cfb33f,1493653320,2.393442631,0
02e99bd4f6cfb33f,1493653380,2.327868938,0
02e99bd4f6cfb33f,1493653440,2.262295008,0
02e99bd4f6cfb33f,1493653500,2.163934469,0
02e99bd4f6cfb33f,1493653560,2.0,0
02e99bd4f6cfb33f,1493653620,2.2295081619999997,0
02e99bd4f6cfb33f,1493653680,2.245901585,0
02e99bd4f6cfb33f,1493653740,2.2131147380000002,0
02e99bd4f6cfb33f,1493654820,2.606557369,0
02e99bd4f6cfb33f,1493654880,2.524590254,0
02e99bd4f6cfb33f,1493654940,2.606557369,0
02e99bd4f6cfb33f,1493655000,2.5573771,0
02e99bd4f6cfb33f,1493655060,2.311475515,0
02e99bd4f6cfb33f,1493655120,2.065573692,0
02e99bd4f6cfb33f,1493655180,2.1147542,0
02e99bd4f6cfb33f,1493655240,2.262295008,0
02e99bd4f6cfb33f,1493655300,2.393442631,0
02e99bd4f6cfb33f,1493655360,2.688524485,0
02e99bd4f6cfb33f,1493655420,2.5737705230000003,0
